{
    "$schema": "https://schema.management.azure.com/schemas/2015-01-01/deploymentParameters.json#",
    "contentVersion": "1.0.0.0",
    "parameters": {
        "subscriptionId": {
            "value": "c36c5d68-ce00-47e9-ad54-02b3f48c8d6f"
        },
        "resourceGroupName": {
            "value": "MyGame_group"
        },
        "name": {
            "value": "MyGame"
        },
        "location": {
            "value": "West US"
        },
        "hostingPlanName": {
            "value": "ASP-MyGamegroup-ab53"
        },
        "serverFarmResourceGroup": {
            "value": "MyGame_group"
        },
        "alwaysOn": {
            "value": false
        },
        "ftpsState": {
            "value": "FtpsOnly"
        },
        "autoGeneratedDomainNameLabelScope": {
            "value": "TenantReuse"
        },
        "sku": {
            "value": "Free"
        },
        "skuCode": {
            "value": "F1"
        },
        "numberOfWorkers": {
            "value": "1"
        },
        "workerSize": {
            "value": "0"
        },
        "workerSizeId": {
            "value": "0"
        },
        "currentStack": {
            "value": "dotnet"
        },
        "phpVersion": {
            "value": "OFF"
        },
        "netFrameworkVersion": {
            "value": "v4.0"
        },
        "repoUrl": {
            "value": "https://github.com/ChristopherTYoung/ASPNETCoreGame"
        },
        "branch": {
            "value": "main"
        }
    }
}